<?xml version="1.0" encoding="UTF-8"?>
<project-private xmlns="http://www.netbeans.org/ns/project-private/1">
    <editor-bookmarks xmlns="http://www.netbeans.org/ns/editor-bookmarks/2" lastBookmarkId="0"/>
    <open-files xmlns="http://www.netbeans.org/ns/projectui-open-files/2">
        <group>
            <file>file:/C:/Users/izzan/Downloads/UKK_SPP/UKK_SPP/src/ukk_spp/nisn.java</file>
            <file>file:/C:/Users/izzan/Downloads/UKK_SPP/UKK_SPP/src/ukk_spp/dataSiswa.java</file>
            <file>file:/C:/Users/izzan/Downloads/UKK_SPP/UKK_SPP/src/ukk_spp/petugas.java</file>
            <file>file:/C:/Users/izzan/Downloads/UKK_SPP/UKK_SPP/src/ukk_spp/dataPembayaran.java</file>
        </group>
    </open-files>
</project-private>
